{"acc": 0.7637735351918499, "loss": 0.25892421197540627, "_timestamp": 1677018922.3889606, "_runtime": 0.5578734874725342, "_step": 7, "_wandb": {"runtime": 0}}